time_utc,bull_words,bear_words,net,n_articles
2026-09-26 19:00:00+00:00,1,0,1,25
2026-09-26 20:00:00+00:00,0,0,0,47
2026-09-26 21:00:00+00:00,0,0,0,30
2026-09-26 22:00:00+00:00,0,0,0,23
2026-09-26 23:00:00+00:00,0,0,0,23
2026-09-27 00:00:00+00:00,1,0,1,35
2026-09-27 01:00:00+00:00,0,0,0,27
2026-09-27 02:00:00+00:00,0,0,0,28
2026-09-27 03:00:00+00:00,1,1,0,37
2026-09-27 04:00:00+00:00,1,0,1,60
2026-09-27 05:00:00+00:00,1,0,1,60
2026-09-27 06:00:00+00:00,0,0,0,59
2026-09-27 07:00:00+00:00,1,0,1,35
2026-09-27 08:00:00+00:00,1,0,1,39
2026-09-27 09:00:00+00:00,0,0,0,44
2026-09-27 10:00:00+00:00,0,0,0,50
2026-09-27 11:00:00+00:00,1,0,1,53
2026-09-27 12:00:00+00:00,0,0,0,50
2026-09-27 13:00:00+00:00,1,0,1,65
2026-09-27 14:00:00+00:00,1,0,1,79
2026-09-27 15:00:00+00:00,1,1,0,73
2026-09-27 16:00:00+00:00,2,0,2,64
2026-09-27 17:00:00+00:00,0,1,-1,74
2026-09-27 18:00:00+00:00,0,0,0,80
2026-09-27 19:00:00+00:00,0,0,0,76
2026-09-27 20:00:00+00:00,1,1,0,75
2026-09-27 21:00:00+00:00,2,1,1,64
2026-09-27 22:00:00+00:00,8,2,6,37
2026-09-27 23:00:00+00:00,2,6,-4,52
2026-09-28 00:00:00+00:00,10,4,6,55
2026-09-28 01:00:00+00:00,5,5,0,50
2026-09-28 02:00:00+00:00,25,1,24,92
2026-09-28 03:00:00+00:00,20,2,18,100
2026-09-28 04:00:00+00:00,19,0,19,94
2026-09-28 05:00:00+00:00,19,2,17,124
2026-09-28 06:00:00+00:00,16,1,15,131
2026-09-28 07:00:00+00:00,27,20,7,168
2026-09-28 08:00:00+00:00,27,17,10,190
2026-09-28 09:00:00+00:00,22,18,4,208
2026-09-28 10:00:00+00:00,7,4,3,163
2026-09-28 11:00:00+00:00,26,15,11,226
2026-09-28 12:00:00+00:00,8,1,7,257
2026-09-28 13:00:00+00:00,6,1,5,193
2026-09-28 14:00:00+00:00,16,2,14,212
2026-09-28 15:00:00+00:00,14,1,13,196
2026-09-28 16:00:00+00:00,12,1,11,198
2026-09-28 17:00:00+00:00,3,0,3,188
2026-09-28 18:00:00+00:00,26,1,25,217
2026-09-28 19:00:00+00:00,23,1,22,238
2026-09-28 20:00:00+00:00,43,0,43,248
2026-09-28 21:00:00+00:00,8,2,6,206
2026-09-28 22:00:00+00:00,16,0,16,221
2026-09-28 23:00:00+00:00,10,7,3,203
2026-09-29 00:00:00+00:00,3,3,0,215
2026-09-29 01:00:00+00:00,5,1,4,176
2026-09-29 02:00:00+00:00,4,1,3,115
2026-09-29 03:00:00+00:00,2,2,0,103
2026-09-29 04:00:00+00:00,20,1,19,118
2026-09-29 05:00:00+00:00,14,2,12,165
2026-09-29 06:00:00+00:00,24,3,21,137
2026-09-29 07:00:00+00:00,9,2,7,227
2026-09-29 08:00:00+00:00,17,3,14,311
2026-09-29 09:00:00+00:00,5,1,4,308
2026-09-29 10:00:00+00:00,4,1,3,292
2026-09-29 11:00:00+00:00,12,1,11,316
2026-09-29 12:00:00+00:00,4,2,2,282
2026-09-29 13:00:00+00:00,2,2,0,328
2026-09-29 14:00:00+00:00,9,4,5,329
2026-09-29 15:00:00+00:00,4,0,4,348
2026-09-29 16:00:00+00:00,5,0,5,391
2026-09-29 17:00:00+00:00,2,4,-2,336
2026-09-29 18:00:00+00:00,8,4,4,271
2026-09-29 19:00:00+00:00,1,0,1,237
2026-09-29 20:00:00+00:00,6,0,6,200
2026-09-29 21:00:00+00:00,8,0,8,197
2026-09-29 22:00:00+00:00,3,0,3,222
2026-09-29 23:00:00+00:00,8,4,4,181
2026-09-30 00:00:00+00:00,5,6,-1,178
2026-09-30 01:00:00+00:00,3,0,3,147
2026-09-30 02:00:00+00:00,6,2,4,142
2026-09-30 03:00:00+00:00,11,2,9,124
2026-09-30 04:00:00+00:00,3,1,2,135
2026-09-30 05:00:00+00:00,5,1,4,178
2026-09-30 06:00:00+00:00,6,2,4,202
2026-09-30 07:00:00+00:00,11,4,7,217
2026-09-30 08:00:00+00:00,13,8,5,254
2026-09-30 09:00:00+00:00,10,5,5,269
2026-09-30 10:00:00+00:00,9,5,4,235
2026-09-30 11:00:00+00:00,8,4,4,261
2026-09-30 12:00:00+00:00,5,5,0,220
2026-09-30 13:00:00+00:00,17,2,15,299
2026-09-30 14:00:00+00:00,22,4,18,321
2026-09-30 15:00:00+00:00,19,2,17,272
2026-09-30 16:00:00+00:00,18,3,15,314
2026-09-30 17:00:00+00:00,13,1,12,297
2026-09-30 18:00:00+00:00,7,0,7,307
2026-09-30 19:00:00+00:00,1,1,0,289
2026-09-30 20:00:00+00:00,11,2,9,256
2026-09-30 21:00:00+00:00,10,0,10,224
2026-09-30 22:00:00+00:00,14,5,9,216
2026-09-30 23:00:00+00:00,4,3,1,199
2026-10-01 00:00:00+00:00,2,10,-8,221
2026-10-01 01:00:00+00:00,4,0,4,167
2026-10-01 02:00:00+00:00,8,2,6,139
2026-10-01 03:00:00+00:00,3,2,1,165
2026-10-01 04:00:00+00:00,5,0,5,152
2026-10-01 05:00:00+00:00,1,0,1,149
2026-10-01 06:00:00+00:00,12,8,4,149
2026-10-01 07:00:00+00:00,5,1,4,221
2026-10-01 08:00:00+00:00,12,2,10,217
2026-10-01 09:00:00+00:00,5,0,5,242
2026-10-01 10:00:00+00:00,7,8,-1,272
2026-10-01 11:00:00+00:00,8,4,4,217
2026-10-01 12:00:00+00:00,6,1,5,235
2026-10-01 13:00:00+00:00,4,0,4,225
2026-10-01 14:00:00+00:00,2,0,2,220
2026-10-01 15:00:00+00:00,4,2,2,202
2026-10-01 16:00:00+00:00,3,2,1,251
2026-10-01 17:00:00+00:00,9,3,6,227
2026-10-01 18:00:00+00:00,4,1,3,204
2026-10-01 19:00:00+00:00,0,0,0,211
2026-10-01 20:00:00+00:00,3,4,-1,183
2026-10-01 21:00:00+00:00,4,0,4,170
2026-10-01 22:00:00+00:00,5,3,2,146
2026-10-01 23:00:00+00:00,7,4,3,186
2026-10-02 00:00:00+00:00,2,0,2,165
2026-10-02 01:00:00+00:00,1,1,0,101
2026-10-02 02:00:00+00:00,6,3,3,87
2026-10-02 03:00:00+00:00,2,4,-2,94
2026-10-02 04:00:00+00:00,4,1,3,99
2026-10-02 05:00:00+00:00,9,1,8,118
2026-10-02 06:00:00+00:00,22,3,19,145
2026-10-02 07:00:00+00:00,22,8,14,117
2026-10-02 08:00:00+00:00,19,7,12,137
2026-10-02 09:00:00+00:00,15,4,11,159
2026-10-02 10:00:00+00:00,12,3,9,184
2026-10-02 11:00:00+00:00,11,5,6,208
2026-10-02 12:00:00+00:00,16,11,5,180
2026-10-02 13:00:00+00:00,6,3,3,234
2026-10-02 14:00:00+00:00,7,3,4,249
2026-10-02 15:00:00+00:00,4,0,4,274
2026-10-02 16:00:00+00:00,0,2,-2,281
2026-10-02 17:00:00+00:00,4,7,-3,266
2026-10-02 18:00:00+00:00,4,1,3,236
2026-10-02 19:00:00+00:00,4,0,4,186
2026-10-02 20:00:00+00:00,4,3,1,185
2026-10-02 21:00:00+00:00,0,5,-5,184
2026-10-02 22:00:00+00:00,2,3,-1,149
2026-10-02 23:00:00+00:00,2,3,-1,201
2026-10-03 00:00:00+00:00,3,2,1,151
2026-10-03 01:00:00+00:00,1,0,1,90
2026-10-03 02:00:00+00:00,1,0,1,90
2026-10-03 03:00:00+00:00,0,0,0,46
2026-10-03 04:00:00+00:00,4,1,3,49
2026-10-03 05:00:00+00:00,0,0,0,41
2026-10-03 06:00:00+00:00,1,0,1,45
2026-10-03 07:00:00+00:00,1,0,1,64
2026-10-03 08:00:00+00:00,3,0,3,78
2026-10-03 09:00:00+00:00,5,0,5,74
2026-10-03 10:00:00+00:00,12,1,11,97
2026-10-03 11:00:00+00:00,11,1,10,117
2026-10-03 12:00:00+00:00,13,0,13,143
2026-10-03 13:00:00+00:00,3,0,3,118
2026-10-03 14:00:00+00:00,2,0,2,103
2026-10-03 15:00:00+00:00,0,0,0,96
2026-10-03 16:00:00+00:00,0,0,0,78
2026-10-03 17:00:00+00:00,0,2,-2,50
2026-10-03 18:00:00+00:00,0,1,-1,53
2026-10-03 19:00:00+00:00,0,0,0,51
2026-10-03 20:00:00+00:00,0,0,0,49
2026-10-03 21:00:00+00:00,0,0,0,49
2026-10-03 22:00:00+00:00,0,0,0,44
2026-10-03 23:00:00+00:00,2,0,2,43
2026-10-04 00:00:00+00:00,0,0,0,39
2026-10-04 01:00:00+00:00,0,0,0,62
2026-10-04 02:00:00+00:00,0,1,-1,70
2026-10-04 03:00:00+00:00,3,0,3,95
2026-10-04 04:00:00+00:00,0,1,-1,97
2026-10-04 05:00:00+00:00,2,0,2,86
2026-10-04 06:00:00+00:00,0,0,0,97
2026-10-04 07:00:00+00:00,2,0,2,102
2026-10-04 08:00:00+00:00,0,0,0,82
2026-10-04 09:00:00+00:00,0,0,0,68
2026-10-04 10:00:00+00:00,0,0,0,52
2026-10-04 11:00:00+00:00,0,0,0,70
2026-10-04 12:00:00+00:00,1,0,1,82
2026-10-04 13:00:00+00:00,0,0,0,59
2026-10-04 14:00:00+00:00,1,0,1,60
2026-10-04 15:00:00+00:00,1,1,0,57
2026-10-04 16:00:00+00:00,1,1,0,50
2026-10-04 17:00:00+00:00,1,0,1,82
2026-10-04 18:00:00+00:00,0,0,0,41
2026-10-04 19:00:00+00:00,0,0,0,54
2026-10-04 20:00:00+00:00,0,1,-1,45
2026-10-04 21:00:00+00:00,0,0,0,74
2026-10-04 22:00:00+00:00,4,2,2,68
2026-10-04 23:00:00+00:00,2,0,2,67
2026-10-05 00:00:00+00:00,13,5,8,83
2026-10-05 01:00:00+00:00,6,4,2,99
2026-10-05 02:00:00+00:00,8,5,3,74
2026-10-05 03:00:00+00:00,8,7,1,68
2026-10-05 04:00:00+00:00,2,4,-2,79
2026-10-05 05:00:00+00:00,13,1,12,99
2026-10-05 06:00:00+00:00,19,5,14,119
2026-10-05 07:00:00+00:00,25,4,21,141
2026-10-05 08:00:00+00:00,19,10,9,158
2026-10-05 09:00:00+00:00,22,4,18,146
2026-10-05 10:00:00+00:00,16,2,14,179
2026-10-05 11:00:00+00:00,11,4,7,200
2026-10-05 12:00:00+00:00,11,5,6,194
2026-10-05 13:00:00+00:00,4,7,-3,206
2026-10-05 14:00:00+00:00,4,2,2,211
2026-10-05 15:00:00+00:00,3,1,2,152
2026-10-05 16:00:00+00:00,3,2,1,149
2026-10-05 17:00:00+00:00,2,0,2,162
2026-10-05 18:00:00+00:00,4,1,3,169
2026-10-05 19:00:00+00:00,5,0,5,155
2026-10-05 20:00:00+00:00,10,1,9,124
2026-10-05 21:00:00+00:00,5,4,1,172
2026-10-05 22:00:00+00:00,5,1,4,149
2026-10-05 23:00:00+00:00,3,7,-4,118
2026-10-06 00:00:00+00:00,8,3,5,115
2026-10-06 01:00:00+00:00,1,1,0,96
2026-10-06 02:00:00+00:00,3,1,2,107
2026-10-06 03:00:00+00:00,4,0,4,120
2026-10-06 04:00:00+00:00,4,3,1,111
2026-10-06 05:00:00+00:00,12,2,10,142
2026-10-06 06:00:00+00:00,13,1,12,157
2026-10-06 07:00:00+00:00,1,5,-4,152
2026-10-06 08:00:00+00:00,10,3,7,157
2026-10-06 09:00:00+00:00,9,4,5,188
2026-10-06 10:00:00+00:00,11,2,9,198
2026-10-06 11:00:00+00:00,24,11,13,278
2026-10-06 12:00:00+00:00,18,7,11,256
2026-10-06 13:00:00+00:00,10,7,3,240
2026-10-06 14:00:00+00:00,11,5,6,252
2026-10-06 15:00:00+00:00,10,5,5,232
2026-10-06 16:00:00+00:00,13,4,9,201
2026-10-06 17:00:00+00:00,5,19,-14,238
2026-10-06 18:00:00+00:00,3,11,-8,200
2026-10-06 19:00:00+00:00,3,9,-6,145
2026-10-06 20:00:00+00:00,1,2,-1,139
2026-10-06 21:00:00+00:00,4,5,-1,150
2026-10-06 22:00:00+00:00,6,4,2,150
2026-10-06 23:00:00+00:00,6,3,3,146
2026-10-07 00:00:00+00:00,3,1,2,172
2026-10-07 01:00:00+00:00,8,0,8,157
2026-10-07 02:00:00+00:00,6,0,6,153
2026-10-07 03:00:00+00:00,9,1,8,197
2026-10-07 04:00:00+00:00,1,4,-3,156
2026-10-07 05:00:00+00:00,6,0,6,191
2026-10-07 06:00:00+00:00,12,1,11,168
2026-10-07 07:00:00+00:00,22,4,18,232
2026-10-07 08:00:00+00:00,24,5,19,244
2026-10-07 09:00:00+00:00,18,5,13,218
2026-10-07 10:00:00+00:00,13,0,13,236
2026-10-07 11:00:00+00:00,30,4,26,314
2026-10-07 12:00:00+00:00,37,1,36,322
2026-10-07 13:00:00+00:00,33,1,32,257
2026-10-07 14:00:00+00:00,49,2,47,251
2026-10-07 15:00:00+00:00,32,1,31,339
2026-10-07 16:00:00+00:00,31,0,31,204
2026-10-07 17:00:00+00:00,20,1,19,267
2026-10-07 18:00:00+00:00,13,1,12,225
2026-10-07 19:00:00+00:00,24,0,24,203
2026-10-07 20:00:00+00:00,28,0,28,229
2026-10-07 21:00:00+00:00,11,1,10,190
2026-10-07 22:00:00+00:00,34,1,33,183
2026-10-07 23:00:00+00:00,23,0,23,201
2026-10-08 00:00:00+00:00,21,0,21,194
2026-10-08 01:00:00+00:00,25,1,24,201
2026-10-08 02:00:00+00:00,24,2,22,194
2026-10-08 03:00:00+00:00,24,0,24,140
2026-10-08 04:00:00+00:00,43,1,42,161
2026-10-08 05:00:00+00:00,24,0,24,159
2026-10-08 06:00:00+00:00,26,1,25,147
2026-10-08 07:00:00+00:00,30,2,28,179
2026-10-08 08:00:00+00:00,25,7,18,153
2026-10-08 09:00:00+00:00,10,0,10,173
2026-10-08 10:00:00+00:00,12,0,12,199
2026-10-08 11:00:00+00:00,15,3,12,286
2026-10-08 12:00:00+00:00,14,2,12,268
2026-10-08 13:00:00+00:00,12,1,11,239
2026-10-08 14:00:00+00:00,11,0,11,234
2026-10-08 15:00:00+00:00,6,1,5,272
2026-10-08 16:00:00+00:00,11,0,11,201
2026-10-08 17:00:00+00:00,8,0,8,177
2026-10-08 18:00:00+00:00,20,0,20,175
2026-10-08 19:00:00+00:00,3,1,2,163
2026-10-08 20:00:00+00:00,0,3,-3,187
2026-10-08 21:00:00+00:00,3,1,2,170
2026-10-08 22:00:00+00:00,3,2,1,173
2026-10-08 23:00:00+00:00,2,2,0,153
2026-10-09 00:00:00+00:00,3,2,1,125
2026-10-09 01:00:00+00:00,1,0,1,131
2026-10-09 02:00:00+00:00,7,5,2,116
2026-10-09 03:00:00+00:00,4,0,4,107
2026-10-09 04:00:00+00:00,0,0,0,105
2026-10-09 05:00:00+00:00,2,0,2,105
2026-10-09 06:00:00+00:00,7,1,6,136
2026-10-09 07:00:00+00:00,4,3,1,136
2026-10-09 08:00:00+00:00,10,6,4,160
2026-10-09 09:00:00+00:00,3,2,1,146
2026-10-09 10:00:00+00:00,2,4,-2,162
2026-10-09 11:00:00+00:00,8,4,4,162
2026-10-09 12:00:00+00:00,6,1,5,132
2026-10-09 13:00:00+00:00,2,0,2,156
2026-10-09 14:00:00+00:00,4,5,-1,170
2026-10-09 15:00:00+00:00,3,3,0,248
2026-10-09 16:00:00+00:00,6,0,6,224
2026-10-09 17:00:00+00:00,4,1,3,213
2026-10-09 18:00:00+00:00,11,0,11,230
2026-10-09 19:00:00+00:00,9,0,9,225
2026-10-09 20:00:00+00:00,7,0,7,212
2026-10-09 21:00:00+00:00,4,1,3,167
2026-10-09 22:00:00+00:00,1,1,0,178
2026-10-09 23:00:00+00:00,5,1,4,143
2026-10-10 00:00:00+00:00,5,0,5,134
2026-10-10 01:00:00+00:00,1,0,1,87
2026-10-10 02:00:00+00:00,1,0,1,56
2026-10-10 03:00:00+00:00,1,0,1,63
2026-10-10 04:00:00+00:00,3,0,3,64
2026-10-10 05:00:00+00:00,3,0,3,75
2026-10-10 06:00:00+00:00,2,0,2,74
2026-10-10 07:00:00+00:00,1,0,1,85
2026-10-10 08:00:00+00:00,1,0,1,63
2026-10-10 09:00:00+00:00,0,0,0,54
2026-10-10 10:00:00+00:00,0,1,-1,57
2026-10-10 11:00:00+00:00,0,0,0,75
2026-10-10 12:00:00+00:00,0,0,0,60
2026-10-10 13:00:00+00:00,0,0,0,62
2026-10-10 14:00:00+00:00,0,0,0,47
2026-10-10 15:00:00+00:00,1,0,1,59
2026-10-10 16:00:00+00:00,1,0,1,60
2026-10-10 17:00:00+00:00,1,0,1,55
2026-10-10 18:00:00+00:00,0,0,0,58
2026-10-10 19:00:00+00:00,0,0,0,44
