report_date,contract_code,noncomm_long,noncomm_short,comm_long,comm_short,open_interest,net_noncomm,fetched_at
2021-07-06,097741,31625,100761,155707,63576,205341,-69136,2026-07-04T22:16:38.729808+00:00
2021-07-13,097741,40440,96690,145716,70980,203727,-56250,2026-07-04T22:16:38.729808+00:00
2021-07-20,097741,35474,91205,138577,67311,192301,-55731,2026-07-04T22:16:38.729808+00:00
2021-07-27,097741,32975,92909,143819,68805,196102,-59934,2026-07-04T22:16:38.729808+00:00
2021-08-03,097741,30409,85599,136596,68989,189242,-55190,2026-07-04T22:16:38.729808+00:00
2021-08-10,097741,36684,97341,151720,68459,206131,-60657,2026-07-04T22:16:38.729808+00:00
2021-08-17,097741,27532,90740,147403,69312,196495,-63208,2026-07-04T22:16:38.729808+00:00
2021-08-24,097741,26763,93434,147612,65542,194477,-66671,2026-07-04T22:16:38.729808+00:00
2021-08-31,097741,29030,92160,144849,65434,193999,-63130,2026-07-04T22:16:38.729808+00:00
2021-09-07,097741,29704,92029,151585,73003,204435,-62325,2026-07-04T22:16:38.729808+00:00
2021-09-14,097741,21728,82023,146716,78681,192088,-60295,2026-07-04T22:16:38.729808+00:00
2021-09-21,097741,22844,78915,146680,80086,191213,-56071,2026-07-04T22:16:38.729808+00:00
2021-09-28,097741,35328,100088,165246,81967,219638,-64760,2026-07-04T22:16:38.729808+00:00
2021-10-05,097741,31569,95263,175160,90697,226379,-63694,2026-07-04T22:16:38.729808+00:00
2021-10-12,097741,35810,112444,185560,90468,243617,-76634,2026-07-04T22:16:38.729808+00:00
2021-10-19,097741,35713,138447,207735,85095,266750,-102734,2026-07-04T22:16:38.729808+00:00
2021-10-26,097741,31487,138523,212303,83757,265254,-107036,2026-07-04T22:16:38.729808+00:00
2021-11-02,097741,20337,127961,207612,81607,251058,-107624,2026-07-04T22:16:38.729808+00:00
2021-11-09,097741,16440,121791,203044,79845,243087,-105351,2026-07-04T22:16:38.729808+00:00
2021-11-16,097741,24635,117761,203468,87710,252897,-93126,2026-07-04T22:16:38.729808+00:00
2021-11-23,097741,20285,117538,205923,89698,251801,-97253,2026-07-04T22:16:38.729808+00:00
2021-11-30,097741,14585,93451,177285,85252,216692,-78866,2026-07-04T22:16:38.729808+00:00
2021-12-07,097741,13148,76229,163847,83350,205970,-63081,2026-07-04T22:16:38.729808+00:00
2021-12-14,097741,20231,73754,136938,65878,176584,-53523,2026-07-04T22:16:38.729808+00:00
2021-12-21,097741,22191,74477,142161,71002,183743,-52286,2026-07-04T22:16:38.729808+00:00
2021-12-28,097741,32475,85577,150647,78283,203814,-53102,2026-07-04T22:16:38.729808+00:00
2022-01-04,097741,40816,103078,170537,85793,234068,-62262,2026-07-04T22:16:38.729808+00:00
2022-01-11,097741,22364,109889,189708,81316,234005,-87525,2026-07-04T22:16:38.729808+00:00
2022-01-18,097741,8002,88881,173701,73961,201820,-80879,2026-07-04T22:16:38.729808+00:00
2022-01-25,097741,15866,84139,160178,77315,197830,-68273,2026-07-04T22:16:38.729808+00:00
2022-02-01,097741,14510,75150,160358,81005,194435,-60640,2026-07-04T22:16:38.729808+00:00
2022-02-08,097741,15692,74840,159601,83644,196478,-59148,2026-07-04T22:16:38.729808+00:00
2022-02-15,097741,10425,76587,166645,80389,199425,-66162,2026-07-04T22:16:38.729808+00:00
2022-02-22,097741,10976,74163,162044,79564,194169,-63187,2026-07-04T22:16:38.729808+00:00
2022-03-01,097741,14665,83397,167605,88070,208629,-68732,2026-07-04T22:16:38.729808+00:00
2022-03-08,097741,15548,71404,170330,93673,208683,-55856,2026-07-04T22:16:38.729808+00:00
2022-03-15,097741,34016,96356,163089,75492,215484,-62340,2026-07-04T22:16:38.729808+00:00
2022-03-22,097741,36676,115158,189100,84310,248221,-78482,2026-07-04T22:16:38.729808+00:00
2022-03-29,097741,15274,117405,201190,76340,239698,-102131,2026-07-04T22:16:38.729808+00:00
2022-04-05,097741,14583,118412,205209,79985,242217,-103829,2026-07-04T22:16:38.729808+00:00
2022-04-12,097741,9925,121752,212850,80948,245403,-111827,2026-07-04T22:16:38.729808+00:00
2022-04-19,097741,12723,119910,216101,86259,251291,-107187,2026-07-04T22:16:38.729808+00:00
2022-04-26,097741,14269,109804,201828,86907,237995,-95535,2026-07-04T22:16:38.729808+00:00
2022-05-03,097741,18585,119379,215563,95299,254813,-100794,2026-07-04T22:16:38.729808+00:00
2022-05-10,097741,11196,121650,213084,88157,247278,-110454,2026-07-04T22:16:38.729808+00:00
2022-05-17,097741,12113,114422,204417,89355,241308,-102309,2026-07-04T22:16:38.729808+00:00
2022-05-24,097741,16567,116011,192215,85516,237256,-99444,2026-07-04T22:16:38.729808+00:00
2022-05-31,097741,15201,109640,196584,91535,239080,-94439,2026-07-04T22:16:38.729808+00:00
2022-06-07,097741,18466,110112,210889,101780,266054,-91646,2026-07-04T22:16:38.729808+00:00
2022-06-14,097741,32441,102196,175789,89346,232513,-69755,2026-07-04T22:16:38.729808+00:00
2022-06-21,097741,35864,94318,156248,81899,218076,-58454,2026-07-04T22:16:38.729808+00:00
2022-06-28,097741,36462,89032,152071,84176,213767,-52570,2026-07-04T22:16:38.729808+00:00
2022-07-05,097741,38660,93105,149702,85639,217672,-54445,2026-07-04T22:16:38.729808+00:00
2022-07-12,097741,35533,95531,160589,85522,223539,-59998,2026-07-04T22:16:38.729808+00:00
2022-07-19,097741,42880,102105,158427,85345,229449,-59225,2026-07-04T22:16:38.729808+00:00
2022-07-26,097741,43812,105293,157963,84190,229219,-61481,2026-07-04T22:16:38.729808+00:00
2022-08-02,097741,50433,93186,157333,107079,236737,-42753,2026-07-04T22:16:38.729808+00:00
2022-08-09,097741,52333,77365,148628,111634,225834,-25032,2026-07-04T22:16:38.729808+00:00
2022-08-16,097741,51308,80199,152209,110230,228697,-28891,2026-07-04T22:16:38.729808+00:00
2022-08-23,097741,56734,95541,156987,104523,242132,-38807,2026-07-04T22:16:38.729808+00:00
2022-08-30,097741,54513,96044,163991,102704,247030,-41531,2026-07-04T22:16:38.729808+00:00
2022-09-06,097741,56002,114191,191138,113469,281266,-58189,2026-07-04T22:16:38.729808+00:00
2022-09-13,097741,39323,120015,212375,114076,281716,-80692,2026-07-04T22:16:38.729808+00:00
2022-09-20,097741,34767,116047,190267,92754,250892,-81280,2026-07-04T22:16:38.729808+00:00
2022-09-27,097741,22706,105262,195930,95297,244655,-82556,2026-07-04T22:16:38.729808+00:00
2022-10-04,097741,26962,108585,185691,92367,243289,-81623,2026-07-04T22:16:38.729808+00:00
2022-10-11,097741,30149,107542,187119,92670,245007,-77393,2026-07-04T22:16:38.729808+00:00
2022-10-18,097741,30583,124919,203508,92667,264265,-94336,2026-07-04T22:16:38.729808+00:00
2022-10-25,097741,37579,140197,205120,87038,272597,-102618,2026-07-04T22:16:38.729808+00:00
2022-11-01,097741,40460,118080,191221,95447,258906,-77620,2026-07-04T22:16:38.729808+00:00
2022-11-08,097741,37201,112459,183539,94559,251378,-75258,2026-07-04T22:16:38.729808+00:00
2022-11-15,097741,33797,99639,172905,95692,233346,-65842,2026-07-04T22:16:38.729808+00:00
2022-11-22,097741,30800,95650,170350,92244,227435,-64850,2026-07-04T22:16:38.729808+00:00
2022-11-29,097741,28125,95519,173959,91290,228328,-67394,2026-07-04T22:16:38.729808+00:00
2022-12-06,097741,23589,89585,169918,94716,223424,-65996,2026-07-04T22:16:38.729808+00:00
2022-12-13,097741,22290,75478,157021,97992,226964,-53188,2026-07-04T22:16:38.729808+00:00
2022-12-20,097741,33686,74567,121482,75759,182034,-40881,2026-07-04T22:16:38.729808+00:00
2022-12-27,097741,29685,67415,118599,72598,173136,-37730,2026-07-04T22:16:38.729808+00:00
2023-01-03,097741,25377,72241,117959,71186,172590,-46864,2026-07-04T22:16:38.729808+00:00
2023-01-10,097741,26395,61772,119166,84678,175745,-35377,2026-07-04T22:16:38.729808+00:00
2023-01-17,097741,29458,52419,114907,96823,176862,-22961,2026-07-04T22:16:38.729808+00:00
2023-01-24,097741,27620,49255,113437,96292,173321,-21635,2026-07-04T22:16:38.729808+00:00
2023-01-31,097741,22550,42610,114423,96244,168540,-20060,2026-07-04T22:16:38.729808+00:00
2023-02-07,097741,16556,45645,118080,84734,164069,-29089,2026-07-04T22:16:38.729808+00:00
2023-02-14,097741,23079,50922,124522,88753,174955,-27843,2026-07-04T22:16:38.729808+00:00
2023-02-21,097741,32486,66515,126777,79888,186100,-34029,2026-07-04T22:16:38.729808+00:00
2023-02-28,097741,27703,86381,142893,72372,200047,-58678,2026-07-04T22:16:38.729808+00:00
2023-03-07,097741,17141,92444,163246,73643,211297,-75303,2026-07-04T22:16:38.729808+00:00
2023-03-14,097741,11048,85842,142857,56863,179782,-74794,2026-07-04T22:16:38.729808+00:00
2023-03-21,097741,7255,73600,134389,61905,169188,-66345,2026-07-04T22:16:38.729808+00:00
2023-03-28,097741,9717,63692,132070,74508,169473,-53975,2026-07-04T22:16:38.729808+00:00
2023-04-04,097741,11523,68559,133327,81061,178828,-57036,2026-07-04T22:16:38.729808+00:00
2023-04-11,097741,11933,69140,132604,76255,176822,-57207,2026-07-04T22:16:38.729808+00:00
2023-04-18,097741,15661,72530,132747,71102,177507,-56869,2026-07-04T22:16:38.729808+00:00
2023-04-25,097741,13680,82424,135330,62705,184041,-68744,2026-07-04T22:16:38.729808+00:00
2023-05-02,097741,28088,96412,141332,63811,202996,-68324,2026-07-04T22:16:38.729808+00:00
2023-05-09,097741,22229,83244,137992,68830,192574,-61015,2026-07-04T22:16:38.729808+00:00
2023-05-16,097741,29494,94285,142392,66255,200515,-64791,2026-07-04T22:16:38.729808+00:00
2023-05-23,097741,36760,117420,157498,65120,226400,-80660,2026-07-04T22:16:38.729808+00:00
2023-05-30,097741,40736,136929,166931,60419,243237,-96193,2026-07-04T22:16:38.729808+00:00
2023-06-06,097741,34151,138968,174461,60725,245332,-104817,2026-07-04T22:16:38.729808+00:00
2023-06-13,097741,37088,141064,175067,56886,252566,-103976,2026-07-04T22:16:38.729808+00:00
2023-06-20,097741,32244,139900,175201,56929,238556,-107656,2026-07-04T22:16:38.729808+00:00
2023-06-27,097741,38018,150888,181511,59145,251524,-112870,2026-07-04T22:16:38.729808+00:00
2023-07-03,097741,41713,159633,190157,64147,265066,-117920,2026-07-04T22:16:38.729808+00:00
2023-07-11,097741,29838,147020,190189,61112,252349,-117182,2026-07-04T22:16:38.729808+00:00
2023-07-18,097741,29776,120015,170491,72296,230932,-90239,2026-07-04T22:16:38.729808+00:00
2023-07-25,097741,30358,108110,161166,74611,223760,-77752,2026-07-04T22:16:38.729808+00:00
2023-08-01,097741,26849,106065,164659,81371,229015,-79216,2026-07-04T22:16:38.729808+00:00
2023-08-08,097741,23135,106315,169528,80407,229849,-83180,2026-07-04T22:16:38.729808+00:00
2023-08-15,097741,34789,115750,175636,85139,247954,-80961,2026-07-04T22:16:38.729808+00:00
2023-08-22,097741,28680,124003,180967,76343,246923,-95323,2026-07-04T22:16:38.729808+00:00
2023-08-29,097741,24790,123263,181043,77975,245452,-98473,2026-07-04T22:16:38.729808+00:00
2023-09-05,097741,37014,134150,190804,84937,268344,-97136,2026-07-04T22:16:38.729808+00:00
2023-09-12,097741,38247,136960,183589,76945,270854,-98713,2026-07-04T22:16:38.729808+00:00
2023-09-19,097741,45737,147356,183927,72482,265860,-101619,2026-07-04T22:16:38.729808+00:00
2023-09-26,097741,46169,155681,200015,79788,285974,-109512,2026-07-04T22:16:38.729808+00:00
2023-10-03,097741,47544,161532,194193,76324,282682,-113988,2026-07-04T22:16:38.729808+00:00
2023-10-10,097741,36780,136256,182514,76362,259937,-99476,2026-07-04T22:16:38.729808+00:00
2023-10-17,097741,33139,135797,193634,81275,267521,-102658,2026-07-04T22:16:38.729808+00:00
2023-10-24,097741,30964,130593,186381,81572,260909,-99629,2026-07-04T22:16:38.729808+00:00
2023-10-31,097741,37641,141489,193460,85894,277272,-103848,2026-07-04T22:16:38.729808+00:00
2023-11-07,097741,27238,131278,189951,77994,259698,-104040,2026-07-04T22:16:38.729808+00:00
2023-11-14,097741,27772,158021,199890,66618,273763,-130249,2026-07-04T22:16:38.729808+00:00
2023-11-21,097741,39236,144690,178832,73404,264903,-105454,2026-07-04T22:16:38.729808+00:00
2023-11-28,097741,30461,139698,180134,76442,260781,-109237,2026-07-04T22:16:38.729808+00:00
2023-12-05,097741,28266,133222,184156,77938,267482,-104956,2026-07-04T22:16:38.729808+00:00
2023-12-12,097741,28226,109357,172756,93229,257581,-81131,2026-07-04T22:16:38.729808+00:00
2023-12-19,097741,31734,96636,112422,49729,185940,-64902,2026-07-04T22:16:38.729808+00:00
2023-12-26,097741,37321,92889,110013,57354,188540,-55568,2026-07-04T22:16:38.729808+00:00
2024-01-02,097741,33585,90780,108605,53116,184042,-57195,2026-07-04T22:16:38.729808+00:00
2024-01-09,097741,41364,97313,113876,59685,200299,-55949,2026-07-04T22:16:38.729808+00:00
2024-01-16,097741,44180,100740,125048,63324,213309,-56560,2026-07-04T22:16:38.729808+00:00
2024-01-23,097741,52585,123230,144222,67230,243032,-70645,2026-07-04T22:16:38.729808+00:00
2024-01-30,097741,44918,125373,148972,68838,242029,-80455,2026-07-04T22:16:38.729808+00:00
2024-02-06,097741,55646,139876,155571,72588,259542,-84230,2026-07-04T22:16:38.729808+00:00
2024-02-13,097741,58554,170090,194067,78895,304592,-111536,2026-07-04T22:16:38.729808+00:00
2024-02-20,097741,53862,174640,199061,73207,305438,-120778,2026-07-04T22:16:38.729808+00:00
2024-02-27,097741,51261,183966,204425,72443,309633,-132705,2026-07-04T22:16:38.729808+00:00
2024-03-05,097741,54671,173514,200129,86604,314586,-118843,2026-07-04T22:16:38.729808+00:00
2024-03-12,097741,54923,157245,207478,109601,325675,-102322,2026-07-04T22:16:38.729808+00:00
2024-03-19,097741,66274,182286,182299,67180,302500,-116012,2026-07-04T22:16:38.729808+00:00
2024-03-26,097741,59969,189075,194045,64457,305701,-129106,2026-07-04T22:16:38.729808+00:00
2024-04-02,097741,55190,198420,205195,65701,316809,-143230,2026-07-04T22:16:38.729808+00:00
2024-04-09,097741,47275,209426,219256,62314,324479,-162151,2026-07-04T22:16:38.729808+00:00
2024-04-16,097741,49463,215082,230642,62900,331110,-165619,2026-07-04T22:16:38.729808+00:00
2024-04-23,097741,42426,222345,239847,60703,336167,-179919,2026-07-04T22:16:38.729808+00:00
2024-04-30,097741,40435,208823,244920,68798,334848,-168388,2026-07-04T22:16:38.729808+00:00
2024-05-07,097741,34990,169912,219305,77532,299859,-134922,2026-07-04T22:16:38.729808+00:00
2024-05-14,097741,35303,161485,216442,83148,297606,-126182,2026-07-04T22:16:38.729808+00:00
2024-05-21,097741,29614,173981,224424,77907,301315,-144367,2026-07-04T22:16:38.729808+00:00
2024-05-28,097741,28565,184604,246911,80789,325231,-156039,2026-07-04T22:16:38.729808+00:00
2024-06-04,097741,40427,172528,204830,74935,303009,-132101,2026-07-04T22:16:38.729808+00:00
2024-06-11,097741,30763,169342,228809,83182,319274,-138579,2026-07-04T22:16:38.729808+00:00
2024-06-18,097741,29429,177182,227907,68141,297117,-147753,2026-07-04T22:16:38.729808+00:00
2024-06-25,097741,34576,208476,259292,77434,340237,-173900,2026-07-04T22:16:38.729808+00:00
2024-07-02,097741,36714,220937,264603,70058,349817,-184223,2026-07-04T22:16:38.729808+00:00
2024-07-09,097741,41521,223554,257455,67588,348954,-182033,2026-07-04T22:16:38.729808+00:00
2024-07-16,097741,47356,198428,216042,56953,307205,-151072,2026-07-04T22:16:38.729808+00:00
2024-07-23,097741,64390,171498,194534,85766,307183,-107108,2026-07-04T22:16:38.729808+00:00
2024-07-30,097741,65016,138476,195104,117524,303151,-73460,2026-07-04T22:16:38.729808+00:00
2024-08-06,097741,66169,77523,191829,179633,298937,-11354,2026-07-04T22:16:38.729808+00:00
2024-08-13,097741,87101,63997,190064,213591,315338,23104,2026-07-04T22:16:38.729808+00:00
2024-08-20,097741,88761,65176,187055,215456,316197,23585,2026-07-04T22:16:38.729808+00:00
2024-08-27,097741,84305,58437,190141,221591,318259,25868,2026-07-04T22:16:38.729808+00:00
2024-09-03,097741,91791,50675,189291,236056,326795,41116,2026-07-04T22:16:38.729808+00:00
2024-09-10,097741,98894,43124,223698,290417,376514,55770,2026-07-04T22:16:38.729808+00:00
2024-09-17,097741,97332,40492,56915,128754,199463,56840,2026-07-04T22:16:38.729808+00:00
2024-09-24,097741,104690,38679,58606,136114,207702,66011,2026-07-04T22:16:38.729808+00:00
2024-10-01,097741,95513,38741,58635,125382,196200,56772,2026-07-04T22:16:38.729808+00:00
2024-10-08,097741,83679,47151,73626,111285,196685,36528,2026-07-04T22:16:38.729808+00:00
2024-10-15,097741,86685,52575,68697,105336,197871,34110,2026-07-04T22:16:38.729808+00:00
2024-10-22,097741,79364,66593,86382,97010,207338,12771,2026-07-04T22:16:38.729808+00:00
2024-10-29,097741,64925,89742,121136,93054,225894,-24817,2026-07-04T22:16:38.729808+00:00
2024-11-05,097741,60334,104501,135946,88651,235762,-44167,2026-07-04T22:16:38.729808+00:00
2024-11-12,097741,64038,128940,153738,81565,257688,-64902,2026-07-04T22:16:38.729808+00:00
2024-11-19,097741,78973,125841,134065,84856,254087,-46868,2026-07-04T22:16:38.729808+00:00
2024-11-26,097741,87597,110230,122885,99595,253566,-22633,2026-07-04T22:16:38.729808+00:00
2024-12-03,097741,93622,91288,111171,111335,256849,2334,2026-07-04T22:16:38.729808+00:00
2024-12-10,097741,97938,72186,117775,142373,274834,25752,2026-07-04T22:16:38.729808+00:00
2024-12-17,097741,87208,81247,57107,60208,181673,5961,2026-07-04T22:16:38.729808+00:00
2024-12-24,097741,95958,93647,68898,65215,200720,2311,2026-07-04T22:16:38.729808+00:00
2024-12-31,097741,96119,104562,71016,61414,206971,-8443,2026-07-04T22:16:38.729808+00:00
2025-01-07,097741,91206,111395,76577,56293,212456,-20189,2026-07-04T22:16:38.729808+00:00
2025-01-14,097741,91434,120845,88113,57090,223952,-29411,2026-07-04T22:16:38.729808+00:00
2025-01-21,097741,94157,108830,68868,60039,211620,-14673,2026-07-04T22:16:38.729808+00:00
2025-01-28,097741,96809,97768,68683,75420,216788,-959,2026-07-04T22:16:38.729808+00:00
2025-02-04,097741,104684,85916,70418,101101,231911,18768,2026-07-04T22:16:38.729808+00:00
2025-02-11,097741,144158,89543,73890,142044,273314,54615,2026-07-04T22:16:38.729808+00:00
2025-02-18,097741,147566,86997,84001,154194,281163,60569,2026-07-04T22:16:38.729808+00:00
2025-02-25,097741,171751,75771,93060,202005,329186,95980,2026-07-04T22:16:38.729808+00:00
2025-03-04,097741,183955,50304,102081,248000,354415,133651,2026-07-04T22:16:38.729808+00:00
2025-03-11,097741,176790,42888,178522,327791,446178,133902,2026-07-04T22:16:38.729808+00:00
2025-03-18,097741,164752,41788,80456,217232,296567,122964,2026-07-04T22:16:38.729808+00:00
2025-03-25,097741,160474,35098,92999,228739,303778,125376,2026-07-04T22:16:38.729808+00:00
2025-04-01,097741,161566,39792,96971,235518,311162,121774,2026-07-04T22:16:38.729808+00:00
2025-04-08,097741,176555,29488,99659,261328,320758,147067,2026-07-04T22:16:38.729808+00:00
2025-04-15,097741,198560,26705,96118,286463,338849,171855,2026-07-04T22:16:38.729808+00:00
2025-04-22,097741,202373,24559,100299,301221,351226,177814,2026-07-04T22:16:38.729808+00:00
2025-04-29,097741,202797,23585,104910,306807,366246,179212,2026-07-04T22:16:38.729808+00:00
2025-05-06,097741,204008,27149,105878,306490,375546,176859,2026-07-04T22:16:38.729808+00:00
2025-05-13,097741,194226,21958,101140,286031,359521,172268,2026-07-04T22:16:38.729808+00:00
2025-05-20,097741,194510,27180,102102,283123,366865,167330,2026-07-04T22:16:38.729808+00:00
2025-05-27,097741,191802,27790,101750,285448,377011,164012,2026-07-04T22:16:38.729808+00:00
2025-06-03,097741,189514,38365,100151,275659,366008,151149,2026-07-04T22:16:38.729808+00:00
2025-06-10,097741,184195,39600,132044,301121,388263,144595,2026-07-04T22:16:38.729808+00:00
2025-06-17,097741,175601,44724,94915,243088,317523,130877,2026-07-04T22:16:38.729808+00:00
2025-06-24,097741,178403,46126,92034,239744,314767,132277,2026-07-04T22:16:38.729808+00:00
2025-07-01,097741,170624,43286,94864,245721,314251,127338,2026-07-04T22:16:38.729808+00:00
2025-07-08,097741,166192,50037,96636,225316,308621,116155,2026-07-04T22:16:38.729808+00:00
2025-07-15,097741,165444,61862,108744,219590,321350,103582,2026-07-04T22:16:38.729808+00:00
2025-07-22,097741,164411,57766,101532,218892,313040,106645,2026-07-04T22:16:38.729808+00:00
2025-07-29,097741,162122,72879,123152,215700,329115,89243,2026-07-04T22:16:38.729808+00:00
2025-08-05,097741,160258,78252,136734,224075,337378,82006,2026-07-04T22:16:38.729808+00:00
2025-08-12,097741,164693,90459,147170,221065,351163,74234,2026-07-04T22:16:38.729808+00:00
2025-08-19,097741,168363,90782,139967,219849,348982,77581,2026-07-04T22:16:38.729808+00:00
2025-08-26,097741,170765,86281,139358,229508,357366,84484,2026-07-04T22:16:38.729808+00:00
2025-09-02,097741,174774,101516,152763,229019,414249,73258,2026-07-04T22:16:38.729808+00:00
2025-09-09,097741,180724,89081,157854,258296,410799,91643,2026-07-04T22:16:38.729808+00:00
2025-09-16,097741,161673,100262,95157,163495,299620,61411,2026-07-04T22:16:38.729808+00:00
2025-09-23,097741,176400,96900,92252,175491,309893,79500,2026-07-04T22:16:38.729808+00:00
2025-09-30,097741,167811,106346,96572,157317,305711,61465,2026-07-04T22:16:38.729808+00:00
2025-10-07,097741,159197,112890,102742,148716,305134,46307,2026-07-04T22:16:38.729808+00:00
2025-10-14,097741,160639,123473,104332,140952,305003,37166,2026-07-04T22:16:38.729808+00:00
2025-10-21,097741,175724,105310,92611,160505,307569,70414,2026-07-04T22:16:38.729808+00:00
2025-10-28,097741,178745,110630,100864,169477,321889,68115,2026-07-04T22:16:38.729808+00:00
2025-11-04,097741,170180,118915,100952,148803,314190,51265,2026-07-04T22:16:38.729808+00:00
2025-11-10,097741,172349,123873,97752,145775,312845,48476,2026-07-04T22:16:38.729808+00:00
2025-11-18,097741,169890,138733,114082,144609,329456,31157,2026-07-04T22:16:38.729808+00:00
2025-11-25,097741,169218,142701,117192,144676,344420,26517,2026-07-04T22:16:38.729808+00:00
2025-12-02,097741,184958,148540,133444,171567,394859,36418,2026-07-04T22:16:38.729808+00:00
2025-12-09,097741,184488,167040,205773,223832,465416,17448,2026-07-04T22:16:38.729808+00:00
2025-12-16,097741,146275,149217,101002,105746,379679,-2942,2026-07-04T22:16:38.729808+00:00
2025-12-23,097741,141133,139910,99644,105548,285084,1223,2026-07-04T22:16:38.729808+00:00
2025-12-30,097741,144596,130528,95645,114721,286132,14068,2026-07-04T22:16:38.729808+00:00
2026-01-06,097741,140441,131626,94001,106169,287715,8815,2026-07-04T22:16:38.729808+00:00
2026-01-13,097741,111743,156907,114303,68484,294242,-45164,2026-07-04T22:16:38.729808+00:00
2026-01-20,097741,107139,151968,115583,74443,292607,-44829,2026-07-04T22:16:38.729808+00:00
2026-01-27,097741,104460,138393,125157,98448,300726,-33933,2026-07-04T22:16:38.729808+00:00
2026-02-03,097741,114428,133650,122665,108248,303673,-19222,2026-07-04T22:16:38.729808+00:00
2026-02-10,097741,128090,147196,136055,123376,334948,-19106,2026-07-04T22:16:38.729808+00:00
2026-02-17,097741,143172,130217,141766,157934,354328,12955,2026-07-04T22:16:38.729808+00:00
2026-02-24,097741,149364,137825,141918,156647,369721,11539,2026-07-04T22:16:38.729808+00:00
2026-03-03,097741,134945,151520,186027,171020,416977,-16575,2026-07-04T22:16:38.729808+00:00
2026-03-10,097741,119411,160798,220577,174607,427718,-41387,2026-07-04T22:16:38.729808+00:00
2026-03-17,097741,106819,174599,163975,93973,326688,-67780,2026-07-04T22:16:38.729808+00:00
2026-03-24,097741,98271,161077,167443,109542,328210,-62806,2026-07-04T22:16:38.729808+00:00
2026-03-31,097741,95356,168228,185944,115237,345276,-72872,2026-07-04T22:16:38.729808+00:00
2026-04-07,097741,91560,185302,192103,101707,349373,-93742,2026-07-04T22:16:38.729808+00:00
2026-04-14,097741,102114,185322,187189,106141,354344,-83208,2026-07-04T22:16:38.729808+00:00
2026-04-21,097741,101386,195846,188723,93256,351782,-94460,2026-07-04T22:16:38.729808+00:00
2026-04-28,097741,106530,208589,201527,102257,372780,-102059,2026-07-04T22:16:38.729808+00:00
2026-05-05,097741,109035,170773,186544,126894,354005,-61738,2026-07-05T03:30:25.983938+00:00
2026-05-12,097741,100155,175257,203023,128880,362042,-75102,2026-07-05T03:30:25.983938+00:00
2026-05-19,097741,106603,200508,226613,135847,396573,-93905,2026-07-05T03:30:25.983938+00:00
2026-05-26,097741,112993,227660,244888,137196,427294,-114667,2026-07-05T03:30:25.983938+00:00
2026-06-02,097741,114849,244416,312087,184319,505555,-129567,2026-07-05T03:30:25.983938+00:00
2026-06-09,097741,121520,267338,313351,170982,505075,-145818,2026-07-05T03:30:25.983938+00:00
2026-06-16,097741,117375,267507,253831,102451,520825,-150132,2026-07-05T03:30:25.983938+00:00
2026-06-23,097741,113698,259802,252278,109897,431030,-146104,2026-07-05T03:30:25.983938+00:00
